teeth,x_1,x_2,x_3,x_4,x_5,x_6,x_7,x_8,x_9,x_10,y_1,y_2,y_3,y_4,y_5,y_6,y_7,y_8,y_9,y_10

10,4.6985,4.7167582,4.77110637,4.86027071,4.98214661,5.13382598,5.31163517,5.51118293,5.727418,5.95469563,0.,0.00107538,0.00858295,0.02885474,0.06802356,0.13192641,0.22601116,0.35524797,0.52404619,0.73617792
11,5.1683,5.18682508,5.24200128,5.33263624,5.45675859,5.61164154,5.79383564,5.99921032,6.22300382,6.45988091,0.,0.00104773,0.00836377,0.02812641,0.06633483,0.12872199,0.22067033,0.34713136,0.51254977,0.72079317